date,libelle,recurrent
2026-01-01,Nouvel an,true
2026-01-12,Yennayer — nouvel an amazigh,true
2026-05-01,Fête du Travail,true
2026-07-05,Fête de l'Indépendance,true
2026-11-01,Anniversaire de la Révolution,true
AAAA-MM-JJ,Aïd el-Fitr 2026 (1er jour),false
AAAA-MM-JJ,Aïd el-Fitr 2026 (2e jour),false
AAAA-MM-JJ,Aïd el-Adha 2026 (1er jour),false
AAAA-MM-JJ,Aïd el-Adha 2026 (2e jour),false
AAAA-MM-JJ,Awal Moharem 2026,false
AAAA-MM-JJ,Achoura 2026,false
AAAA-MM-JJ,Mawlid Ennabaoui 2026,false
AAAA-MM-JJ,Aïd el-Fitr 2027 (1er jour),false
AAAA-MM-JJ,Aïd el-Fitr 2027 (2e jour),false
AAAA-MM-JJ,Aïd el-Adha 2027 (1er jour),false
AAAA-MM-JJ,Aïd el-Adha 2027 (2e jour),false
AAAA-MM-JJ,Awal Moharem 2027,false
AAAA-MM-JJ,Achoura 2027,false
AAAA-MM-JJ,Mawlid Ennabaoui 2027,false
